match_id,season,start_date,venue,innings,ball,batting_team,bowling_team,striker,non_striker,bowler,runs_off_bat,extras,wides,noballs,byes,legbyes,penalty,wicket_type,player_dismissed,other_wicket_type,other_player_dismissed
1426549,2024/25,2024-11-04,Melbourne Cricket Ground,1,0.1,Pakistan,Australia,Abdullah Shafique,Saim Ayub,MA Starc,0,0,,,,,,,,,
1426549,2024/25,2024-11-04,Melbourne Cricket Ground,1,0.2,Pakistan,Australia,Abdullah Shafique,Saim Ayub,MA Starc,0,0,,,,,,,,,
1426549,2024/25,2024-11-04,Melbourne Cricket Ground,1,0.3,Pakistan,Australia,Abdullah Shafique,Saim Ayub,MA Starc,0,0,,,,,,,,,
1426549,2024/25,2024-11-04,Melbourne Cricket Ground,1,0.4,Pakistan,Australia,Abdullah Shafique,Saim Ayub,MA Starc,0,0,,,,,,,,,
1426549,2024/25,2024-11-04,Melbourne Cricket Ground,1,0.5,Pakistan,Australia,Abdullah Shafique,Saim Ayub,MA Starc,0,0,,,,,,,,,
1426549,2024/25,2024-11-04,Melbourne Cricket Ground,1,0.6,Pakistan,Australia,Abdullah Shafique,Saim Ayub,MA Starc,0,0,,,,,,,,,
1426549,2024/25,2024-11-04,Melbourne Cricket Ground,1,1.1,Pakistan,Australia,Saim Ayub,Abdullah Shafique,PJ Cummins,1,0,,,,,,,,,
1426549,2024/25,2024-11-04,Melbourne Cricket Ground,1,1.2,Pakistan,Australia,Abdullah Shafique,Saim Ayub,PJ Cummins,0,0,,,,,,,,,
1426549,2024/25,2024-11-04,Melbourne Cricket Ground,1,1.3,Pakistan,Australia,Abdullah Shafique,Saim Ayub,PJ Cummins,2,0,,,,,,,,,
1426549,2024/25,2024-11-04,Melbourne Cricket Ground,1,1.4,Pakistan,Australia,Abdullah Shafique,Saim Ayub,PJ Cummins,0,0,,,,,,,,,
1426549,2024/25,2024-11-04,Melbourne Cricket Ground,1,1.5,Pakistan,Australia,Abdullah Shafique,Saim Ayub,PJ Cummins,0,0,,,,,,,,,
1426549,2024/25,2024-11-04,Melbourne Cricket Ground,1,1.6,Pakistan,Australia,Abdullah Shafique,Saim Ayub,PJ Cummins,0,0,,,,,,,,,
1426549,2024/25,2024-11-04,Melbourne Cricket Ground,1,2.1,Pakistan,Australia,Saim Ayub,Abdullah Shafique,MA Starc,0,0,,,,,,,,,
1426549,2024/25,2024-11-04,Melbourne Cricket Ground,1,2.2,Pakistan,Australia,Saim Ayub,Abdullah Shafique,MA Starc,0,0,,,,,,,,,
1426549,2024/25,2024-11-04,Melbourne Cricket Ground,1,2.3,Pakistan,Australia,Saim Ayub,Abdullah Shafique,MA Starc,0,0,,,,,,,,,
1426549,2024/25,2024-11-04,Melbourne Cricket Ground,1,2.4,Pakistan,Australia,Saim Ayub,Abdullah Shafique,MA Starc,0,0,,,,,,bowled,Saim Ayub,,
1426549,2024/25,2024-11-04,Melbourne Cricket Ground,1,2.5,Pakistan,Australia,Babar Azam,Abdullah Shafique,MA Starc,0,0,,,,,,,,,
1426549,2024/25,2024-11-04,Melbourne Cricket Ground,1,2.6,Pakistan,Australia,Babar Azam,Abdullah Shafique,MA Starc,2,0,,,,,,,,,
1426549,2024/25,2024-11-04,Melbourne Cricket Ground,1,3.1,Pakistan,Australia,Abdullah Shafique,Babar Azam,PJ Cummins,0,0,,,,,,,,,
1426549,2024/25,2024-11-04,Melbourne Cricket Ground,1,3.2,Pakistan,Australia,Abdullah Shafique,Babar Azam,PJ Cummins,0,0,,,,,,,,,
1426549,2024/25,2024-11-04,Melbourne Cricket Ground,1,3.3,Pakistan,Australia,Abdullah Shafique,Babar Azam,PJ Cummins,0,0,,,,,,,,,
1426549,2024/25,2024-11-04,Melbourne Cricket Ground,1,3.4,Pakistan,Australia,Abdullah Shafique,Babar Azam,PJ Cummins,0,0,,,,,,,,,
1426549,2024/25,2024-11-04,Melbourne Cricket Ground,1,3.5,Pakistan,Australia,Abdullah Shafique,Babar Azam,PJ Cummins,0,0,,,,,,,,,
1426549,2024/25,2024-11-04,Melbourne Cricket Ground,1,3.6,Pakistan,Australia,Abdullah Shafique,Babar Azam,PJ Cummins,0,0,,,,,,,,,
1426549,2024/25,2024-11-04,Melbourne Cricket Ground,1,4.1,Pakistan,Australia,Babar Azam,Abdullah Shafique,MA Starc,3,0,,,,,,,,,
1426549,2024/25,2024-11-04,Melbourne Cricket Ground,1,4.2,Pakistan,Australia,Abdullah Shafique,Babar Azam,MA Starc,1,0,,,,,,,,,
1426549,2024/25,2024-11-04,Melbourne Cricket Ground,1,4.3,Pakistan,Australia,Babar Azam,Abdullah Shafique,MA Starc,0,0,,,,,,,,,
1426549,2024/25,2024-11-04,Melbourne Cricket Ground,1,4.4,Pakistan,Australia,Babar Azam,Abdullah Shafique,MA Starc,0,0,,,,,,,,,
1426549,2024/25,2024-11-04,Melbourne Cricket Ground,1,4.5,Pakistan,Australia,Babar Azam,Abdullah Shafique,MA Starc,0,0,,,,,,,,,
1426549,2024/25,2024-11-04,Melbourne Cricket Ground,1,4.6,Pakistan,Australia,Babar Azam,Abdullah Shafique,MA Starc,3,0,,,,,,,,,
1426549,2024/25,2024-11-04,Melbourne Cricket Ground,1,5.1,Pakistan,Australia,Babar Azam,Abdullah Shafique,PJ Cummins,2,0,,,,,,,,,
1426549,2024/25,2024-11-04,Melbourne Cricket Ground,1,5.2,Pakistan,Australia,Babar Azam,Abdullah Shafique,PJ Cummins,1,0,,,,,,,,,
1426549,2024/25,2024-11-04,Melbourne Cricket Ground,1,5.3,Pakistan,Australia,Abdullah Shafique,Babar Azam,PJ Cummins,4,0,,,,,,,,,
1426549,2024/25,2024-11-04,Melbourne Cricket Ground,1,5.4,Pakistan,Australia,Abdullah Shafique,Babar Azam,PJ Cummins,0,0,,,,,,,,,
1426549,2024/25,2024-11-04,Melbourne Cricket Ground,1,5.5,Pakistan,Australia,Abdullah Shafique,Babar Azam,PJ Cummins,2,0,,,,,,,,,
1426549,2024/25,2024-11-04,Melbourne Cricket Ground,1,5.6,Pakistan,Australia,Abdullah Shafique,Babar Azam,PJ Cummins,1,0,,,,,,,,,
1426549,2024/25,2024-11-04,Melbourne Cricket Ground,1,6.1,Pakistan,Australia,Abdullah Shafique,Babar Azam,MA Starc,2,0,,,,,,,,,
1426549,2024/25,2024-11-04,Melbourne Cricket Ground,1,6.2,Pakistan,Australia,Abdullah Shafique,Babar Azam,MA Starc,0,0,,,,,,,,,
1426549,2024/25,2024-11-04,Melbourne Cricket Ground,1,6.3,Pakistan,Australia,Abdullah Shafique,Babar Azam,MA Starc,0,0,,,,,,,,,
1426549,2024/25,2024-11-04,Melbourne Cricket Ground,1,6.4,Pakistan,Australia,Abdullah Shafique,Babar Azam,MA Starc,0,0,,,,,,caught,Abdullah Shafique,,
1426549,2024/25,2024-11-04,Melbourne Cricket Ground,1,6.5,Pakistan,Australia,Mohammad Rizwan,Babar Azam,MA Starc,0,0,,,,,,,,,
1426549,2024/25,2024-11-04,Melbourne Cricket Ground,1,6.6,Pakistan,Australia,Mohammad Rizwan,Babar Azam,MA Starc,0,0,,,,,,,,,
1426549,2024/25,2024-11-04,Melbourne Cricket Ground,1,7.1,Pakistan,Australia,Babar Azam,Mohammad Rizwan,PJ Cummins,4,0,,,,,,,,,
1426549,2024/25,2024-11-04,Melbourne Cricket Ground,1,7.2,Pakistan,Australia,Babar Azam,Mohammad Rizwan,PJ Cummins,0,0,,,,,,,,,
1426549,2024/25,2024-11-04,Melbourne Cricket Ground,1,7.3,Pakistan,Australia,Babar Azam,Mohammad Rizwan,PJ Cummins,0,0,,,,,,,,,
1426549,2024/25,2024-11-04,Melbourne Cricket Ground,1,7.4,Pakistan,Australia,Babar Azam,Mohammad Rizwan,PJ Cummins,0,0,,,,,,,,,
1426549,2024/25,2024-11-04,Melbourne Cricket Ground,1,7.5,Pakistan,Australia,Babar Azam,Mohammad Rizwan,PJ Cummins,0,0,,,,,,,,,
1426549,2024/25,2024-11-04,Melbourne Cricket Ground,1,7.6,Pakistan,Australia,Babar Azam,Mohammad Rizwan,PJ Cummins,4,0,,,,,,,,,
1426549,2024/25,2024-11-04,Melbourne Cricket Ground,1,8.1,Pakistan,Australia,Mohammad Rizwan,Babar Azam,MA Starc,0,0,,,,,,,,,
1426549,2024/25,2024-11-04,Melbourne Cricket Ground,1,8.2,Pakistan,Australia,Mohammad Rizwan,Babar Azam,MA Starc,0,0,,,,,,,,,
1426549,2024/25,2024-11-04,Melbourne Cricket Ground,1,8.3,Pakistan,Australia,Mohammad Rizwan,Babar Azam,MA Starc,0,0,,,,,,,,,
1426549,2024/25,2024-11-04,Melbourne Cricket Ground,1,8.4,Pakistan,Australia,Mohammad Rizwan,Babar Azam,MA Starc,0,0,,,,,,,,,
1426549,2024/25,2024-11-04,Melbourne Cricket Ground,1,8.5,Pakistan,Australia,Mohammad Rizwan,Babar Azam,MA Starc,0,0,,,,,,,,,
1426549,2024/25,2024-11-04,Melbourne Cricket Ground,1,8.6,Pakistan,Australia,Mohammad Rizwan,Babar Azam,MA Starc,0,0,,,,,,,,,
1426549,2024/25,2024-11-04,Melbourne Cricket Ground,1,9.1,Pakistan,Australia,Babar Azam,Mohammad Rizwan,SA Abbott,1,0,,,,,,,,,
1426549,2024/25,2024-11-04,Melbourne Cricket Ground,1,9.2,Pakistan,Australia,Mohammad Rizwan,Babar Azam,SA Abbott,0,0,,,,,,,,,
1426549,2024/25,2024-11-04,Melbourne Cricket Ground,1,9.3,Pakistan,Australia,Mohammad Rizwan,Babar Azam,SA Abbott,2,0,,,,,,,,,
1426549,2024/25,2024-11-04,Melbourne Cricket Ground,1,9.4,Pakistan,Australia,Mohammad Rizwan,Babar Azam,SA Abbott,0,0,,,,,,,,,
1426549,2024/25,2024-11-04,Melbourne Cricket Ground,1,9.5,Pakistan,Australia,Mohammad Rizwan,Babar Azam,SA Abbott,0,0,,,,,,,,,
1426549,2024/25,2024-11-04,Melbourne Cricket Ground,1,9.6,Pakistan,Australia,Mohammad Rizwan,Babar Azam,SA Abbott,0,0,,,,,,,,,
1426549,2024/25,2024-11-04,Melbourne Cricket Ground,1,10.1,Pakistan,Australia,Babar Azam,Mohammad Rizwan,MA Starc,1,0,,,,,,,,,
1426549,2024/25,2024-11-04,Melbourne Cricket Ground,1,10.2,Pakistan,Australia,Mohammad Rizwan,Babar Azam,MA Starc,1,0,,,,,,,,,
1426549,2024/25,2024-11-04,Melbourne Cricket Ground,1,10.3,Pakistan,Australia,Babar Azam,Mohammad Rizwan,MA Starc,1,0,,,,,,,,,
1426549,2024/25,2024-11-04,Melbourne Cricket Ground,1,10.4,Pakistan,Australia,Mohammad Rizwan,Babar Azam,MA Starc,1,0,,,,,,,,,
1426549,2024/25,2024-11-04,Melbourne Cricket Ground,1,10.5,Pakistan,Australia,Babar Azam,Mohammad Rizwan,MA Starc,4,0,,,,,,,,,
1426549,2024/25,2024-11-04,Melbourne Cricket Ground,1,10.6,Pakistan,Australia,Babar Azam,Mohammad Rizwan,MA Starc,0,0,,,,,,,,,
1426549,2024/25,2024-11-04,Melbourne Cricket Ground,1,11.1,Pakistan,Australia,Mohammad Rizwan,Babar Azam,SA Abbott,1,0,,,,,,,,,
1426549,2024/25,2024-11-04,Melbourne Cricket Ground,1,11.2,Pakistan,Australia,Babar Azam,Mohammad Rizwan,SA Abbott,0,0,,,,,,,,,
1426549,2024/25,2024-11-04,Melbourne Cricket Ground,1,11.3,Pakistan,Australia,Babar Azam,Mohammad Rizwan,SA Abbott,0,0,,,,,,,,,
1426549,2024/25,2024-11-04,Melbourne Cricket Ground,1,11.4,Pakistan,Australia,Babar Azam,Mohammad Rizwan,SA Abbott,0,0,,,,,,,,,
1426549,2024/25,2024-11-04,Melbourne Cricket Ground,1,11.5,Pakistan,Australia,Babar Azam,Mohammad Rizwan,SA Abbott,0,0,,,,,,,,,
1426549,2024/25,2024-11-04,Melbourne Cricket Ground,1,11.6,Pakistan,Australia,Babar Azam,Mohammad Rizwan,SA Abbott,1,0,,,,,,,,,
1426549,2024/25,2024-11-04,Melbourne Cricket Ground,1,12.1,Pakistan,Australia,Babar Azam,Mohammad Rizwan,AM Hardie,0,0,,,,,,,,,
1426549,2024/25,2024-11-04,Melbourne Cricket Ground,1,12.2,Pakistan,Australia,Babar Azam,Mohammad Rizwan,AM Hardie,0,0,,,,,,,,,
1426549,2024/25,2024-11-04,Melbourne Cricket Ground,1,12.3,Pakistan,Australia,Babar Azam,Mohammad Rizwan,AM Hardie,2,0,,,,,,,,,
1426549,2024/25,2024-11-04,Melbourne Cricket Ground,1,12.4,Pakistan,Australia,Babar Azam,Mohammad Rizwan,AM Hardie,0,0,,,,,,,,,
1426549,2024/25,2024-11-04,Melbourne Cricket Ground,1,12.5,Pakistan,Australia,Babar Azam,Mohammad Rizwan,AM Hardie,0,0,,,,,,,,,
1426549,2024/25,2024-11-04,Melbourne Cricket Ground,1,12.6,Pakistan,Australia,Babar Azam,Mohammad Rizwan,AM Hardie,0,0,,,,,,,,,
1426549,2024/25,2024-11-04,Melbourne Cricket Ground,1,13.1,Pakistan,Australia,Mohammad Rizwan,Babar Azam,SA Abbott,0,0,,,,,,,,,
1426549,2024/25,2024-11-04,Melbourne Cricket Ground,1,13.2,Pakistan,Australia,Mohammad Rizwan,Babar Azam,SA Abbott,0,0,,,,,,,,,
1426549,2024/25,2024-11-04,Melbourne Cricket Ground,1,13.3,Pakistan,Australia,Mohammad Rizwan,Babar Azam,SA Abbott,0,0,,,,,,,,,
1426549,2024/25,2024-11-04,Melbourne Cricket Ground,1,13.4,Pakistan,Australia,Mohammad Rizwan,Babar Azam,SA Abbott,0,0,,,,,,,,,
1426549,2024/25,2024-11-04,Melbourne Cricket Ground,1,13.5,Pakistan,Australia,Mohammad Rizwan,Babar Azam,SA Abbott,1,0,,,,,,,,,
1426549,2024/25,2024-11-04,Melbourne Cricket Ground,1,13.6,Pakistan,Australia,Babar Azam,Mohammad Rizwan,SA Abbott,1,0,,,,,,,,,
1426549,2024/25,2024-11-04,Melbourne Cricket Ground,1,14.1,Pakistan,Australia,Babar Azam,Mohammad Rizwan,AM Hardie,1,0,,,,,,,,,
1426549,2024/25,2024-11-04,Melbourne Cricket Ground,1,14.2,Pakistan,Australia,Mohammad Rizwan,Babar Azam,AM Hardie,0,0,,,,,,,,,
1426549,2024/25,2024-11-04,Melbourne Cricket Ground,1,14.3,Pakistan,Australia,Mohammad Rizwan,Babar Azam,AM Hardie,0,0,,,,,,,,,
1426549,2024/25,2024-11-04,Melbourne Cricket Ground,1,14.4,Pakistan,Australia,Mohammad Rizwan,Babar Azam,AM Hardie,0,0,,,,,,,,,
1426549,2024/25,2024-11-04,Melbourne Cricket Ground,1,14.5,Pakistan,Australia,Mohammad Rizwan,Babar Azam,AM Hardie,1,0,,,,,,,,,
1426549,2024/25,2024-11-04,Melbourne Cricket Ground,1,14.6,Pakistan,Australia,Babar Azam,Mohammad Rizwan,AM Hardie,0,0,,,,,,,,,
1426549,2024/25,2024-11-04,Melbourne Cricket Ground,1,15.1,Pakistan,Australia,Mohammad Rizwan,Babar Azam,SA Abbott,1,0,,,,,,,,,
1426549,2024/25,2024-11-04,Melbourne Cricket Ground,1,15.2,Pakistan,Australia,Babar Azam,Mohammad Rizwan,SA Abbott,0,0,,,,,,,,,
1426549,2024/25,2024-11-04,Melbourne Cricket Ground,1,15.3,Pakistan,Australia,Babar Azam,Mohammad Rizwan,SA Abbott,0,1,1,,,,,,,,
1426549,2024/25,2024-11-04,Melbourne Cricket Ground,1,15.4,Pakistan,Australia,Babar Azam,Mohammad Rizwan,SA Abbott,0,0,,,,,,,,,
1426549,2024/25,2024-11-04,Melbourne Cricket Ground,1,15.5,Pakistan,Australia,Babar Azam,Mohammad Rizwan,SA Abbott,1,0,,,,,,,,,
1426549,2024/25,2024-11-04,Melbourne Cricket Ground,1,15.6,Pakistan,Australia,Mohammad Rizwan,Babar Azam,SA Abbott,1,0,,,,,,,,,
1426549,2024/25,2024-11-04,Melbourne Cricket Ground,1,15.7,Pakistan,Australia,Babar Azam,Mohammad Rizwan,SA Abbott,4,0,,,,,,,,,
1426549,2024/25,2024-11-04,Melbourne Cricket Ground,1,16.1,Pakistan,Australia,Mohammad Rizwan,Babar Azam,PJ Cummins,1,0,,,,,,,,,
1426549,2024/25,2024-11-04,Melbourne Cricket Ground,1,16.2,Pakistan,Australia,Babar Azam,Mohammad Rizwan,PJ Cummins,0,0,,,,,,,,,
1426549,2024/25,2024-11-04,Melbourne Cricket Ground,1,16.3,Pakistan,Australia,Babar Azam,Mohammad Rizwan,PJ Cummins,0,0,,,,,,,,,
1426549,2024/25,2024-11-04,Melbourne Cricket Ground,1,16.4,Pakistan,Australia,Babar Azam,Mohammad Rizwan,PJ Cummins,1,0,,,,,,,,,
1426549,2024/25,2024-11-04,Melbourne Cricket Ground,1,16.5,Pakistan,Australia,Mohammad Rizwan,Babar Azam,PJ Cummins,0,0,,,,,,,,,
1426549,2024/25,2024-11-04,Melbourne Cricket Ground,1,16.6,Pakistan,Australia,Mohammad Rizwan,Babar Azam,PJ Cummins,1,0,,,,,,,,,
1426549,2024/25,2024-11-04,Melbourne Cricket Ground,1,17.1,Pakistan,Australia,Mohammad Rizwan,Babar Azam,A Zampa,1,0,,,,,,,,,
1426549,2024/25,2024-11-04,Melbourne Cricket Ground,1,17.2,Pakistan,Australia,Babar Azam,Mohammad Rizwan,A Zampa,0,0,,,,,,,,,
1426549,2024/25,2024-11-04,Melbourne Cricket Ground,1,17.3,Pakistan,Australia,Babar Azam,Mohammad Rizwan,A Zampa,0,0,,,,,,,,,
1426549,2024/25,2024-11-04,Melbourne Cricket Ground,1,17.4,Pakistan,Australia,Babar Azam,Mohammad Rizwan,A Zampa,0,0,,,,,,bowled,Babar Azam,,
1426549,2024/25,2024-11-04,Melbourne Cricket Ground,1,17.5,Pakistan,Australia,Kamran Ghulam,Mohammad Rizwan,A Zampa,0,0,,,,,,,,,
1426549,2024/25,2024-11-04,Melbourne Cricket Ground,1,17.6,Pakistan,Australia,Kamran Ghulam,Mohammad Rizwan,A Zampa,4,0,,,,,,,,,
1426549,2024/25,2024-11-04,Melbourne Cricket Ground,1,18.1,Pakistan,Australia,Mohammad Rizwan,Kamran Ghulam,PJ Cummins,1,0,,,,,,,,,
1426549,2024/25,2024-11-04,Melbourne Cricket Ground,1,18.2,Pakistan,Australia,Kamran Ghulam,Mohammad Rizwan,PJ Cummins,1,0,,,,,,,,,
1426549,2024/25,2024-11-04,Melbourne Cricket Ground,1,18.3,Pakistan,Australia,Mohammad Rizwan,Kamran Ghulam,PJ Cummins,1,0,,,,,,,,,
1426549,2024/25,2024-11-04,Melbourne Cricket Ground,1,18.4,Pakistan,Australia,Kamran Ghulam,Mohammad Rizwan,PJ Cummins,0,0,,,,,,,,,
1426549,2024/25,2024-11-04,Melbourne Cricket Ground,1,18.5,Pakistan,Australia,Kamran Ghulam,Mohammad Rizwan,PJ Cummins,0,0,,,,,,,,,
1426549,2024/25,2024-11-04,Melbourne Cricket Ground,1,18.6,Pakistan,Australia,Kamran Ghulam,Mohammad Rizwan,PJ Cummins,0,0,,,,,,caught,Kamran Ghulam,,
1426549,2024/25,2024-11-04,Melbourne Cricket Ground,1,19.1,Pakistan,Australia,Mohammad Rizwan,Agha Salman,A Zampa,1,0,,,,,,,,,
1426549,2024/25,2024-11-04,Melbourne Cricket Ground,1,19.2,Pakistan,Australia,Agha Salman,Mohammad Rizwan,A Zampa,0,0,,,,,,,,,
1426549,2024/25,2024-11-04,Melbourne Cricket Ground,1,19.3,Pakistan,Australia,Agha Salman,Mohammad Rizwan,A Zampa,0,0,,,,,,,,,
1426549,2024/25,2024-11-04,Melbourne Cricket Ground,1,19.4,Pakistan,Australia,Agha Salman,Mohammad Rizwan,A Zampa,0,0,,,,,,,,,
1426549,2024/25,2024-11-04,Melbourne Cricket Ground,1,19.5,Pakistan,Australia,Agha Salman,Mohammad Rizwan,A Zampa,0,0,,,,,,,,,
1426549,2024/25,2024-11-04,Melbourne Cricket Ground,1,19.6,Pakistan,Australia,Agha Salman,Mohammad Rizwan,A Zampa,0,0,,,,,,,,,
1426549,2024/25,2024-11-04,Melbourne Cricket Ground,1,20.1,Pakistan,Australia,Mohammad Rizwan,Agha Salman,PJ Cummins,0,0,,,,,,,,,
1426549,2024/25,2024-11-04,Melbourne Cricket Ground,1,20.2,Pakistan,Australia,Mohammad Rizwan,Agha Salman,PJ Cummins,1,0,,,,,,,,,
1426549,2024/25,2024-11-04,Melbourne Cricket Ground,1,20.3,Pakistan,Australia,Agha Salman,Mohammad Rizwan,PJ Cummins,0,0,,,,,,,,,
1426549,2024/25,2024-11-04,Melbourne Cricket Ground,1,20.4,Pakistan,Australia,Agha Salman,Mohammad Rizwan,PJ Cummins,0,0,,,,,,,,,
1426549,2024/25,2024-11-04,Melbourne Cricket Ground,1,20.5,Pakistan,Australia,Agha Salman,Mohammad Rizwan,PJ Cummins,0,0,,,,,,,,,
1426549,2024/25,2024-11-04,Melbourne Cricket Ground,1,20.6,Pakistan,Australia,Agha Salman,Mohammad Rizwan,PJ Cummins,0,0,,,,,,,,,
1426549,2024/25,2024-11-04,Melbourne Cricket Ground,1,21.1,Pakistan,Australia,Mohammad Rizwan,Agha Salman,A Zampa,0,0,,,,,,,,,
1426549,2024/25,2024-11-04,Melbourne Cricket Ground,1,21.2,Pakistan,Australia,Mohammad Rizwan,Agha Salman,A Zampa,0,0,,,,,,,,,
1426549,2024/25,2024-11-04,Melbourne Cricket Ground,1,21.3,Pakistan,Australia,Mohammad Rizwan,Agha Salman,A Zampa,2,0,,,,,,,,,
1426549,2024/25,2024-11-04,Melbourne Cricket Ground,1,21.4,Pakistan,Australia,Mohammad Rizwan,Agha Salman,A Zampa,1,0,,,,,,,,,
1426549,2024/25,2024-11-04,Melbourne Cricket Ground,1,21.5,Pakistan,Australia,Agha Salman,Mohammad Rizwan,A Zampa,1,0,,,,,,,,,
1426549,2024/25,2024-11-04,Melbourne Cricket Ground,1,21.6,Pakistan,Australia,Mohammad Rizwan,Agha Salman,A Zampa,0,0,,,,,,,,,
1426549,2024/25,2024-11-04,Melbourne Cricket Ground,1,22.1,Pakistan,Australia,Agha Salman,Mohammad Rizwan,MA Starc,0,0,,,,,,,,,
1426549,2024/25,2024-11-04,Melbourne Cricket Ground,1,22.2,Pakistan,Australia,Agha Salman,Mohammad Rizwan,MA Starc,0,0,,,,,,,,,
1426549,2024/25,2024-11-04,Melbourne Cricket Ground,1,22.3,Pakistan,Australia,Agha Salman,Mohammad Rizwan,MA Starc,0,0,,,,,,,,,
1426549,2024/25,2024-11-04,Melbourne Cricket Ground,1,22.4,Pakistan,Australia,Agha Salman,Mohammad Rizwan,MA Starc,0,0,,,,,,,,,
1426549,2024/25,2024-11-04,Melbourne Cricket Ground,1,22.5,Pakistan,Australia,Agha Salman,Mohammad Rizwan,MA Starc,0,0,,,,,,,,,
1426549,2024/25,2024-11-04,Melbourne Cricket Ground,1,22.6,Pakistan,Australia,Agha Salman,Mohammad Rizwan,MA Starc,0,0,,,,,,,,,
1426549,2024/25,2024-11-04,Melbourne Cricket Ground,1,23.1,Pakistan,Australia,Mohammad Rizwan,Agha Salman,A Zampa,1,0,,,,,,,,,
1426549,2024/25,2024-11-04,Melbourne Cricket Ground,1,23.2,Pakistan,Australia,Agha Salman,Mohammad Rizwan,A Zampa,2,0,,,,,,,,,
1426549,2024/25,2024-11-04,Melbourne Cricket Ground,1,23.3,Pakistan,Australia,Agha Salman,Mohammad Rizwan,A Zampa,0,0,,,,,,,,,
1426549,2024/25,2024-11-04,Melbourne Cricket Ground,1,23.4,Pakistan,Australia,Agha Salman,Mohammad Rizwan,A Zampa,0,0,,,,,,,,,
1426549,2024/25,2024-11-04,Melbourne Cricket Ground,1,23.5,Pakistan,Australia,Agha Salman,Mohammad Rizwan,A Zampa,1,0,,,,,,,,,
1426549,2024/25,2024-11-04,Melbourne Cricket Ground,1,23.6,Pakistan,Australia,Mohammad Rizwan,Agha Salman,A Zampa,1,0,,,,,,,,,
1426549,2024/25,2024-11-04,Melbourne Cricket Ground,1,24.1,Pakistan,Australia,Mohammad Rizwan,Agha Salman,MA Starc,0,0,,,,,,,,,
1426549,2024/25,2024-11-04,Melbourne Cricket Ground,1,24.2,Pakistan,Australia,Mohammad Rizwan,Agha Salman,MA Starc,1,0,,,,,,,,,
1426549,2024/25,2024-11-04,Melbourne Cricket Ground,1,24.3,Pakistan,Australia,Agha Salman,Mohammad Rizwan,MA Starc,0,0,,,,,,,,,
1426549,2024/25,2024-11-04,Melbourne Cricket Ground,1,24.4,Pakistan,Australia,Agha Salman,Mohammad Rizwan,MA Starc,1,0,,,,,,,,,
1426549,2024/25,2024-11-04,Melbourne Cricket Ground,1,24.5,Pakistan,Australia,Mohammad Rizwan,Agha Salman,MA Starc,0,0,,,,,,,,,
1426549,2024/25,2024-11-04,Melbourne Cricket Ground,1,24.6,Pakistan,Australia,Mohammad Rizwan,Agha Salman,MA Starc,6,0,,,,,,,,,
1426549,2024/25,2024-11-04,Melbourne Cricket Ground,1,25.1,Pakistan,Australia,Agha Salman,Mohammad Rizwan,A Zampa,0,0,,,,,,,,,
1426549,2024/25,2024-11-04,Melbourne Cricket Ground,1,25.2,Pakistan,Australia,Agha Salman,Mohammad Rizwan,A Zampa,1,0,,,,,,,,,
1426549,2024/25,2024-11-04,Melbourne Cricket Ground,1,25.3,Pakistan,Australia,Mohammad Rizwan,Agha Salman,A Zampa,1,0,,,,,,,,,
1426549,2024/25,2024-11-04,Melbourne Cricket Ground,1,25.4,Pakistan,Australia,Agha Salman,Mohammad Rizwan,A Zampa,4,0,,,,,,,,,
1426549,2024/25,2024-11-04,Melbourne Cricket Ground,1,25.5,Pakistan,Australia,Agha Salman,Mohammad Rizwan,A Zampa,1,0,,,,,,,,,
1426549,2024/25,2024-11-04,Melbourne Cricket Ground,1,25.6,Pakistan,Australia,Mohammad Rizwan,Agha Salman,A Zampa,1,0,,,,,,,,,
1426549,2024/25,2024-11-04,Melbourne Cricket Ground,1,26.1,Pakistan,Australia,Mohammad Rizwan,Agha Salman,SA Abbott,0,0,,,,,,,,,
1426549,2024/25,2024-11-04,Melbourne Cricket Ground,1,26.2,Pakistan,Australia,Mohammad Rizwan,Agha Salman,SA Abbott,1,0,,,,,,,,,
1426549,2024/25,2024-11-04,Melbourne Cricket Ground,1,26.3,Pakistan,Australia,Agha Salman,Mohammad Rizwan,SA Abbott,0,1,1,,,,,,,,
1426549,2024/25,2024-11-04,Melbourne Cricket Ground,1,26.4,Pakistan,Australia,Agha Salman,Mohammad Rizwan,SA Abbott,1,0,,,,,,,,,
1426549,2024/25,2024-11-04,Melbourne Cricket Ground,1,26.5,Pakistan,Australia,Mohammad Rizwan,Agha Salman,SA Abbott,1,0,,,,,,,,,
1426549,2024/25,2024-11-04,Melbourne Cricket Ground,1,26.6,Pakistan,Australia,Agha Salman,Mohammad Rizwan,SA Abbott,0,0,,,,,,,,,
1426549,2024/25,2024-11-04,Melbourne Cricket Ground,1,26.7,Pakistan,Australia,Agha Salman,Mohammad Rizwan,SA Abbott,0,0,,,,,,caught,Agha Salman,,
1426549,2024/25,2024-11-04,Melbourne Cricket Ground,1,27.1,Pakistan,Australia,Mohammad Rizwan,Irfan Khan,MW Short,0,0,,,,,,,,,
1426549,2024/25,2024-11-04,Melbourne Cricket Ground,1,27.2,Pakistan,Australia,Mohammad Rizwan,Irfan Khan,MW Short,0,0,,,,,,,,,
1426549,2024/25,2024-11-04,Melbourne Cricket Ground,1,27.3,Pakistan,Australia,Mohammad Rizwan,Irfan Khan,MW Short,0,0,,,,,,,,,
1426549,2024/25,2024-11-04,Melbourne Cricket Ground,1,27.4,Pakistan,Australia,Mohammad Rizwan,Irfan Khan,MW Short,0,0,,,,,,,,,
1426549,2024/25,2024-11-04,Melbourne Cricket Ground,1,27.5,Pakistan,Australia,Mohammad Rizwan,Irfan Khan,MW Short,1,0,,,,,,,,,
1426549,2024/25,2024-11-04,Melbourne Cricket Ground,1,27.6,Pakistan,Australia,Irfan Khan,Mohammad Rizwan,MW Short,1,0,,,,,,,,,
1426549,2024/25,2024-11-04,Melbourne Cricket Ground,1,28.1,Pakistan,Australia,Irfan Khan,Mohammad Rizwan,SA Abbott,1,0,,,,,,,,,
1426549,2024/25,2024-11-04,Melbourne Cricket Ground,1,28.2,Pakistan,Australia,Mohammad Rizwan,Irfan Khan,SA Abbott,1,0,,,,,,,,,
1426549,2024/25,2024-11-04,Melbourne Cricket Ground,1,28.3,Pakistan,Australia,Irfan Khan,Mohammad Rizwan,SA Abbott,0,0,,,,,,,,,
1426549,2024/25,2024-11-04,Melbourne Cricket Ground,1,28.4,Pakistan,Australia,Irfan Khan,Mohammad Rizwan,SA Abbott,0,0,,,,,,,,,
1426549,2024/25,2024-11-04,Melbourne Cricket Ground,1,28.5,Pakistan,Australia,Irfan Khan,Mohammad Rizwan,SA Abbott,0,0,,,,,,,,,
1426549,2024/25,2024-11-04,Melbourne Cricket Ground,1,28.6,Pakistan,Australia,Irfan Khan,Mohammad Rizwan,SA Abbott,0,0,,,,,,,,,
1426549,2024/25,2024-11-04,Melbourne Cricket Ground,1,29.1,Pakistan,Australia,Mohammad Rizwan,Irfan Khan,GJ Maxwell,1,0,,,,,,,,,
1426549,2024/25,2024-11-04,Melbourne Cricket Ground,1,29.2,Pakistan,Australia,Irfan Khan,Mohammad Rizwan,GJ Maxwell,0,0,,,,,,,,,
1426549,2024/25,2024-11-04,Melbourne Cricket Ground,1,29.3,Pakistan,Australia,Irfan Khan,Mohammad Rizwan,GJ Maxwell,1,0,,,,,,,,,
1426549,2024/25,2024-11-04,Melbourne Cricket Ground,1,29.4,Pakistan,Australia,Mohammad Rizwan,Irfan Khan,GJ Maxwell,0,0,,,,,,,,,
1426549,2024/25,2024-11-04,Melbourne Cricket Ground,1,29.5,Pakistan,Australia,Mohammad Rizwan,Irfan Khan,GJ Maxwell,0,0,,,,,,,,,
1426549,2024/25,2024-11-04,Melbourne Cricket Ground,1,29.6,Pakistan,Australia,Mohammad Rizwan,Irfan Khan,GJ Maxwell,1,0,,,,,,,,,
1426549,2024/25,2024-11-04,Melbourne Cricket Ground,1,30.1,Pakistan,Australia,Mohammad Rizwan,Irfan Khan,AM Hardie,0,0,,,,,,,,,
1426549,2024/25,2024-11-04,Melbourne Cricket Ground,1,30.2,Pakistan,Australia,Mohammad Rizwan,Irfan Khan,AM Hardie,0,0,,,,,,,,,
1426549,2024/25,2024-11-04,Melbourne Cricket Ground,1,30.3,Pakistan,Australia,Mohammad Rizwan,Irfan Khan,AM Hardie,0,0,,,,,,,,,
1426549,2024/25,2024-11-04,Melbourne Cricket Ground,1,30.4,Pakistan,Australia,Mohammad Rizwan,Irfan Khan,AM Hardie,4,0,,,,,,,,,
1426549,2024/25,2024-11-04,Melbourne Cricket Ground,1,30.5,Pakistan,Australia,Mohammad Rizwan,Irfan Khan,AM Hardie,0,0,,,,,,,,,
1426549,2024/25,2024-11-04,Melbourne Cricket Ground,1,30.6,Pakistan,Australia,Mohammad Rizwan,Irfan Khan,AM Hardie,0,0,,,,,,,,,
1426549,2024/25,2024-11-04,Melbourne Cricket Ground,1,31.1,Pakistan,Australia,Irfan Khan,Mohammad Rizwan,M Labuschagne,1,0,,,,,,,,,
1426549,2024/25,2024-11-04,Melbourne Cricket Ground,1,31.2,Pakistan,Australia,Mohammad Rizwan,Irfan Khan,M Labuschagne,0,0,,,,,,,,,
1426549,2024/25,2024-11-04,Melbourne Cricket Ground,1,31.3,Pakistan,Australia,Mohammad Rizwan,Irfan Khan,M Labuschagne,4,0,,,,,,,,,
1426549,2024/25,2024-11-04,Melbourne Cricket Ground,1,31.4,Pakistan,Australia,Mohammad Rizwan,Irfan Khan,M Labuschagne,0,0,,,,,,caught,Mohammad Rizwan,,
1426549,2024/25,2024-11-04,Melbourne Cricket Ground,1,31.5,Pakistan,Australia,Shaheen Shah Afridi,Irfan Khan,M Labuschagne,0,0,,,,,,,,,
1426549,2024/25,2024-11-04,Melbourne Cricket Ground,1,31.6,Pakistan,Australia,Shaheen Shah Afridi,Irfan Khan,M Labuschagne,0,0,,,,,,,,,
1426549,2024/25,2024-11-04,Melbourne Cricket Ground,1,32.1,Pakistan,Australia,Irfan Khan,Shaheen Shah Afridi,AM Hardie,1,0,,,,,,,,,
1426549,2024/25,2024-11-04,Melbourne Cricket Ground,1,32.2,Pakistan,Australia,Shaheen Shah Afridi,Irfan Khan,AM Hardie,0,0,,,,,,,,,
1426549,2024/25,2024-11-04,Melbourne Cricket Ground,1,32.3,Pakistan,Australia,Shaheen Shah Afridi,Irfan Khan,AM Hardie,2,0,,,,,,,,,
1426549,2024/25,2024-11-04,Melbourne Cricket Ground,1,32.4,Pakistan,Australia,Shaheen Shah Afridi,Irfan Khan,AM Hardie,0,0,,,,,,,,,
1426549,2024/25,2024-11-04,Melbourne Cricket Ground,1,32.5,Pakistan,Australia,Shaheen Shah Afridi,Irfan Khan,AM Hardie,0,0,,,,,,,,,
1426549,2024/25,2024-11-04,Melbourne Cricket Ground,1,32.6,Pakistan,Australia,Shaheen Shah Afridi,Irfan Khan,AM Hardie,4,0,,,,,,,,,
1426549,2024/25,2024-11-04,Melbourne Cricket Ground,1,33.1,Pakistan,Australia,Irfan Khan,Shaheen Shah Afridi,A Zampa,0,0,,,,,,,,,
1426549,2024/25,2024-11-04,Melbourne Cricket Ground,1,33.2,Pakistan,Australia,Irfan Khan,Shaheen Shah Afridi,A Zampa,0,0,,,,,,,,,
1426549,2024/25,2024-11-04,Melbourne Cricket Ground,1,33.3,Pakistan,Australia,Irfan Khan,Shaheen Shah Afridi,A Zampa,0,0,,,,,,,,,
1426549,2024/25,2024-11-04,Melbourne Cricket Ground,1,33.4,Pakistan,Australia,Irfan Khan,Shaheen Shah Afridi,A Zampa,0,0,,,,,,,,,
1426549,2024/25,2024-11-04,Melbourne Cricket Ground,1,33.5,Pakistan,Australia,Irfan Khan,Shaheen Shah Afridi,A Zampa,4,0,,,,,,,,,
1426549,2024/25,2024-11-04,Melbourne Cricket Ground,1,33.6,Pakistan,Australia,Irfan Khan,Shaheen Shah Afridi,A Zampa,0,0,,,,,,,,,
1426549,2024/25,2024-11-04,Melbourne Cricket Ground,1,34.1,Pakistan,Australia,Shaheen Shah Afridi,Irfan Khan,MA Starc,1,0,,,,,,,,,
1426549,2024/25,2024-11-04,Melbourne Cricket Ground,1,34.2,Pakistan,Australia,Irfan Khan,Shaheen Shah Afridi,MA Starc,0,0,,,,,,,,,
1426549,2024/25,2024-11-04,Melbourne Cricket Ground,1,34.3,Pakistan,Australia,Irfan Khan,Shaheen Shah Afridi,MA Starc,0,0,,,,,,,,,
1426549,2024/25,2024-11-04,Melbourne Cricket Ground,1,34.4,Pakistan,Australia,Irfan Khan,Shaheen Shah Afridi,MA Starc,1,0,,,,,,,,,
1426549,2024/25,2024-11-04,Melbourne Cricket Ground,1,34.5,Pakistan,Australia,Shaheen Shah Afridi,Irfan Khan,MA Starc,0,0,,,,,,,,,
1426549,2024/25,2024-11-04,Melbourne Cricket Ground,1,34.6,Pakistan,Australia,Shaheen Shah Afridi,Irfan Khan,MA Starc,0,0,,,,,,,,,
1426549,2024/25,2024-11-04,Melbourne Cricket Ground,1,35.1,Pakistan,Australia,Irfan Khan,Shaheen Shah Afridi,A Zampa,1,0,,,,,,,,,
1426549,2024/25,2024-11-04,Melbourne Cricket Ground,1,35.2,Pakistan,Australia,Shaheen Shah Afridi,Irfan Khan,A Zampa,2,0,,,,,,,,,
1426549,2024/25,2024-11-04,Melbourne Cricket Ground,1,35.3,Pakistan,Australia,Shaheen Shah Afridi,Irfan Khan,A Zampa,6,0,,,,,,,,,
1426549,2024/25,2024-11-04,Melbourne Cricket Ground,1,35.4,Pakistan,Australia,Shaheen Shah Afridi,Irfan Khan,A Zampa,0,0,,,,,,,,,
1426549,2024/25,2024-11-04,Melbourne Cricket Ground,1,35.5,Pakistan,Australia,Shaheen Shah Afridi,Irfan Khan,A Zampa,4,0,,,,,,,,,
1426549,2024/25,2024-11-04,Melbourne Cricket Ground,1,35.6,Pakistan,Australia,Shaheen Shah Afridi,Irfan Khan,A Zampa,1,0,,,,,,,,,
1426549,2024/25,2024-11-04,Melbourne Cricket Ground,1,36.1,Pakistan,Australia,Shaheen Shah Afridi,Irfan Khan,MA Starc,4,0,,,,,,,,,
1426549,2024/25,2024-11-04,Melbourne Cricket Ground,1,36.2,Pakistan,Australia,Shaheen Shah Afridi,Irfan Khan,MA Starc,0,0,,,,,,,,,
1426549,2024/25,2024-11-04,Melbourne Cricket Ground,1,36.3,Pakistan,Australia,Shaheen Shah Afridi,Irfan Khan,MA Starc,0,0,,,,,,,,,
1426549,2024/25,2024-11-04,Melbourne Cricket Ground,1,36.4,Pakistan,Australia,Shaheen Shah Afridi,Irfan Khan,MA Starc,0,0,,,,,,bowled,Shaheen Shah Afridi,,
1426549,2024/25,2024-11-04,Melbourne Cricket Ground,1,36.5,Pakistan,Australia,Naseem Shah,Irfan Khan,MA Starc,0,0,,,,,,,,,
1426549,2024/25,2024-11-04,Melbourne Cricket Ground,1,36.6,Pakistan,Australia,Naseem Shah,Irfan Khan,MA Starc,0,0,,,,,,,,,
1426549,2024/25,2024-11-04,Melbourne Cricket Ground,1,37.1,Pakistan,Australia,Irfan Khan,Naseem Shah,A Zampa,1,0,,,,,,,,,
1426549,2024/25,2024-11-04,Melbourne Cricket Ground,1,37.2,Pakistan,Australia,Naseem Shah,Irfan Khan,A Zampa,0,0,,,,,,,,,
1426549,2024/25,2024-11-04,Melbourne Cricket Ground,1,37.3,Pakistan,Australia,Naseem Shah,Irfan Khan,A Zampa,0,0,,,,,,,,,
1426549,2024/25,2024-11-04,Melbourne Cricket Ground,1,37.4,Pakistan,Australia,Naseem Shah,Irfan Khan,A Zampa,2,0,,,,,,,,,
1426549,2024/25,2024-11-04,Melbourne Cricket Ground,1,37.5,Pakistan,Australia,Naseem Shah,Irfan Khan,A Zampa,0,0,,,,,,,,,
1426549,2024/25,2024-11-04,Melbourne Cricket Ground,1,37.6,Pakistan,Australia,Naseem Shah,Irfan Khan,A Zampa,1,0,,,,,,,,,
1426549,2024/25,2024-11-04,Melbourne Cricket Ground,1,38.1,Pakistan,Australia,Naseem Shah,Irfan Khan,PJ Cummins,1,0,,,,,,,,,
1426549,2024/25,2024-11-04,Melbourne Cricket Ground,1,38.2,Pakistan,Australia,Irfan Khan,Naseem Shah,PJ Cummins,0,0,,,,,,,,,
1426549,2024/25,2024-11-04,Melbourne Cricket Ground,1,38.3,Pakistan,Australia,Irfan Khan,Naseem Shah,PJ Cummins,1,0,,,,,,,,,
1426549,2024/25,2024-11-04,Melbourne Cricket Ground,1,38.4,Pakistan,Australia,Naseem Shah,Irfan Khan,PJ Cummins,1,0,,,,,,,,,
1426549,2024/25,2024-11-04,Melbourne Cricket Ground,1,38.5,Pakistan,Australia,Irfan Khan,Naseem Shah,PJ Cummins,0,0,,,,,,,,,
1426549,2024/25,2024-11-04,Melbourne Cricket Ground,1,38.6,Pakistan,Australia,Irfan Khan,Naseem Shah,PJ Cummins,4,0,,,,,,,,,
1426549,2024/25,2024-11-04,Melbourne Cricket Ground,1,39.1,Pakistan,Australia,Naseem Shah,Irfan Khan,SA Abbott,0,1,,1,,,,,,,
1426549,2024/25,2024-11-04,Melbourne Cricket Ground,1,39.2,Pakistan,Australia,Naseem Shah,Irfan Khan,SA Abbott,6,0,,,,,,,,,
1426549,2024/25,2024-11-04,Melbourne Cricket Ground,1,39.3,Pakistan,Australia,Naseem Shah,Irfan Khan,SA Abbott,0,0,,,,,,,,,
1426549,2024/25,2024-11-04,Melbourne Cricket Ground,1,39.4,Pakistan,Australia,Naseem Shah,Irfan Khan,SA Abbott,1,0,,,,,,,,,
1426549,2024/25,2024-11-04,Melbourne Cricket Ground,1,39.5,Pakistan,Australia,Irfan Khan,Naseem Shah,SA Abbott,0,0,,,,,,,,,
1426549,2024/25,2024-11-04,Melbourne Cricket Ground,1,39.6,Pakistan,Australia,Irfan Khan,Naseem Shah,SA Abbott,0,1,1,,,,,,,,
1426549,2024/25,2024-11-04,Melbourne Cricket Ground,1,39.7,Pakistan,Australia,Irfan Khan,Naseem Shah,SA Abbott,1,0,,,,,,,,,
1426549,2024/25,2024-11-04,Melbourne Cricket Ground,1,39.8,Pakistan,Australia,Naseem Shah,Irfan Khan,SA Abbott,0,0,,,,,,,,,
1426549,2024/25,2024-11-04,Melbourne Cricket Ground,1,40.1,Pakistan,Australia,Irfan Khan,Naseem Shah,PJ Cummins,1,0,,,,,,,,,
1426549,2024/25,2024-11-04,Melbourne Cricket Ground,1,40.2,Pakistan,Australia,Naseem Shah,Irfan Khan,PJ Cummins,1,0,,,,,,,,,
1426549,2024/25,2024-11-04,Melbourne Cricket Ground,1,40.3,Pakistan,Australia,Irfan Khan,Naseem Shah,PJ Cummins,0,0,,,,,,,,,
1426549,2024/25,2024-11-04,Melbourne Cricket Ground,1,40.4,Pakistan,Australia,Irfan Khan,Naseem Shah,PJ Cummins,1,0,,,,,,,,,
1426549,2024/25,2024-11-04,Melbourne Cricket Ground,1,40.5,Pakistan,Australia,Naseem Shah,Irfan Khan,PJ Cummins,0,0,,,,,,,,,
1426549,2024/25,2024-11-04,Melbourne Cricket Ground,1,40.6,Pakistan,Australia,Naseem Shah,Irfan Khan,PJ Cummins,0,0,,,,,,,,,
1426549,2024/25,2024-11-04,Melbourne Cricket Ground,1,41.1,Pakistan,Australia,Irfan Khan,Naseem Shah,SA Abbott,0,0,,,,,,,,,
1426549,2024/25,2024-11-04,Melbourne Cricket Ground,1,41.2,Pakistan,Australia,Irfan Khan,Naseem Shah,SA Abbott,1,0,,,,,,,,,
1426549,2024/25,2024-11-04,Melbourne Cricket Ground,1,41.3,Pakistan,Australia,Naseem Shah,Irfan Khan,SA Abbott,1,0,,,,,,,,,
1426549,2024/25,2024-11-04,Melbourne Cricket Ground,1,41.4,Pakistan,Australia,Irfan Khan,Naseem Shah,SA Abbott,0,0,,,,,,,,,
1426549,2024/25,2024-11-04,Melbourne Cricket Ground,1,41.5,Pakistan,Australia,Irfan Khan,Naseem Shah,SA Abbott,1,0,,,,,,,,,
1426549,2024/25,2024-11-04,Melbourne Cricket Ground,1,41.6,Pakistan,Australia,Naseem Shah,Irfan Khan,SA Abbott,0,0,,,,,,,,,
1426549,2024/25,2024-11-04,Melbourne Cricket Ground,1,42.1,Pakistan,Australia,Irfan Khan,Naseem Shah,GJ Maxwell,0,0,,,,,,run out,Irfan Khan,,
1426549,2024/25,2024-11-04,Melbourne Cricket Ground,1,42.2,Pakistan,Australia,Naseem Shah,Haris Rauf,GJ Maxwell,0,0,,,,,,,,,
1426549,2024/25,2024-11-04,Melbourne Cricket Ground,1,42.3,Pakistan,Australia,Naseem Shah,Haris Rauf,GJ Maxwell,0,0,,,,,,,,,
1426549,2024/25,2024-11-04,Melbourne Cricket Ground,1,42.4,Pakistan,Australia,Naseem Shah,Haris Rauf,GJ Maxwell,6,0,,,,,,,,,
1426549,2024/25,2024-11-04,Melbourne Cricket Ground,1,42.5,Pakistan,Australia,Naseem Shah,Haris Rauf,GJ Maxwell,1,0,,,,,,,,,
1426549,2024/25,2024-11-04,Melbourne Cricket Ground,1,42.6,Pakistan,Australia,Haris Rauf,Naseem Shah,GJ Maxwell,0,0,,,,,,,,,
1426549,2024/25,2024-11-04,Melbourne Cricket Ground,1,43.1,Pakistan,Australia,Naseem Shah,Haris Rauf,A Zampa,0,0,,,,,,,,,
1426549,2024/25,2024-11-04,Melbourne Cricket Ground,1,43.2,Pakistan,Australia,Naseem Shah,Haris Rauf,A Zampa,0,0,,,,,,,,,
1426549,2024/25,2024-11-04,Melbourne Cricket Ground,1,43.3,Pakistan,Australia,Naseem Shah,Haris Rauf,A Zampa,1,0,,,,,,,,,
1426549,2024/25,2024-11-04,Melbourne Cricket Ground,1,43.4,Pakistan,Australia,Haris Rauf,Naseem Shah,A Zampa,0,0,,,,,,,,,
1426549,2024/25,2024-11-04,Melbourne Cricket Ground,1,43.5,Pakistan,Australia,Haris Rauf,Naseem Shah,A Zampa,0,0,,,,,,bowled,Haris Rauf,,
1426549,2024/25,2024-11-04,Melbourne Cricket Ground,1,43.6,Pakistan,Australia,Mohammad Hasnain,Naseem Shah,A Zampa,0,0,,,,,,,,,
1426549,2024/25,2024-11-04,Melbourne Cricket Ground,1,44.1,Pakistan,Australia,Naseem Shah,Mohammad Hasnain,GJ Maxwell,0,0,,,,,,,,,
1426549,2024/25,2024-11-04,Melbourne Cricket Ground,1,44.2,Pakistan,Australia,Naseem Shah,Mohammad Hasnain,GJ Maxwell,0,0,,,,,,,,,
1426549,2024/25,2024-11-04,Melbourne Cricket Ground,1,44.3,Pakistan,Australia,Naseem Shah,Mohammad Hasnain,GJ Maxwell,0,0,,,,,,,,,
1426549,2024/25,2024-11-04,Melbourne Cricket Ground,1,44.4,Pakistan,Australia,Naseem Shah,Mohammad Hasnain,GJ Maxwell,0,0,,,,,,,,,
1426549,2024/25,2024-11-04,Melbourne Cricket Ground,1,44.5,Pakistan,Australia,Naseem Shah,Mohammad Hasnain,GJ Maxwell,1,0,,,,,,,,,
1426549,2024/25,2024-11-04,Melbourne Cricket Ground,1,44.6,Pakistan,Australia,Mohammad Hasnain,Naseem Shah,GJ Maxwell,0,0,,,,,,,,,
1426549,2024/25,2024-11-04,Melbourne Cricket Ground,1,45.1,Pakistan,Australia,Naseem Shah,Mohammad Hasnain,A Zampa,1,0,,,,,,,,,
1426549,2024/25,2024-11-04,Melbourne Cricket Ground,1,45.2,Pakistan,Australia,Mohammad Hasnain,Naseem Shah,A Zampa,1,0,,,,,,,,,
1426549,2024/25,2024-11-04,Melbourne Cricket Ground,1,45.3,Pakistan,Australia,Naseem Shah,Mohammad Hasnain,A Zampa,6,0,,,,,,,,,
1426549,2024/25,2024-11-04,Melbourne Cricket Ground,1,45.4,Pakistan,Australia,Naseem Shah,Mohammad Hasnain,A Zampa,0,0,,,,,,,,,
1426549,2024/25,2024-11-04,Melbourne Cricket Ground,1,45.5,Pakistan,Australia,Naseem Shah,Mohammad Hasnain,A Zampa,4,0,,,,,,,,,
1426549,2024/25,2024-11-04,Melbourne Cricket Ground,1,45.6,Pakistan,Australia,Naseem Shah,Mohammad Hasnain,A Zampa,6,0,,,,,,,,,
1426549,2024/25,2024-11-04,Melbourne Cricket Ground,1,46.1,Pakistan,Australia,Mohammad Hasnain,Naseem Shah,PJ Cummins,1,0,,,,,,,,,
1426549,2024/25,2024-11-04,Melbourne Cricket Ground,1,46.2,Pakistan,Australia,Naseem Shah,Mohammad Hasnain,PJ Cummins,0,0,,,,,,,,,
1426549,2024/25,2024-11-04,Melbourne Cricket Ground,1,46.3,Pakistan,Australia,Naseem Shah,Mohammad Hasnain,PJ Cummins,0,0,,,,,,,,,
1426549,2024/25,2024-11-04,Melbourne Cricket Ground,1,46.4,Pakistan,Australia,Naseem Shah,Mohammad Hasnain,PJ Cummins,0,0,,,,,,caught,Naseem Shah,,
1426549,2024/25,2024-11-04,Melbourne Cricket Ground,2,0.1,Australia,Pakistan,MW Short,J Fraser-McGurk,Shaheen Shah Afridi,0,0,,,,,,,,,
1426549,2024/25,2024-11-04,Melbourne Cricket Ground,2,0.2,Australia,Pakistan,MW Short,J Fraser-McGurk,Shaheen Shah Afridi,1,0,,,,,,,,,
1426549,2024/25,2024-11-04,Melbourne Cricket Ground,2,0.3,Australia,Pakistan,J Fraser-McGurk,MW Short,Shaheen Shah Afridi,0,0,,,,,,,,,
1426549,2024/25,2024-11-04,Melbourne Cricket Ground,2,0.4,Australia,Pakistan,J Fraser-McGurk,MW Short,Shaheen Shah Afridi,2,0,,,,,,,,,
1426549,2024/25,2024-11-04,Melbourne Cricket Ground,2,0.5,Australia,Pakistan,J Fraser-McGurk,MW Short,Shaheen Shah Afridi,1,0,,,,,,,,,
1426549,2024/25,2024-11-04,Melbourne Cricket Ground,2,0.6,Australia,Pakistan,MW Short,J Fraser-McGurk,Shaheen Shah Afridi,0,0,,,,,,,,,
1426549,2024/25,2024-11-04,Melbourne Cricket Ground,2,1.1,Australia,Pakistan,J Fraser-McGurk,MW Short,Naseem Shah,2,0,,,,,,,,,
1426549,2024/25,2024-11-04,Melbourne Cricket Ground,2,1.2,Australia,Pakistan,J Fraser-McGurk,MW Short,Naseem Shah,0,0,,,,,,,,,
1426549,2024/25,2024-11-04,Melbourne Cricket Ground,2,1.3,Australia,Pakistan,J Fraser-McGurk,MW Short,Naseem Shah,2,0,,,,,,,,,
1426549,2024/25,2024-11-04,Melbourne Cricket Ground,2,1.4,Australia,Pakistan,J Fraser-McGurk,MW Short,Naseem Shah,0,1,1,,,,,,,,
1426549,2024/25,2024-11-04,Melbourne Cricket Ground,2,1.5,Australia,Pakistan,J Fraser-McGurk,MW Short,Naseem Shah,4,0,,,,,,,,,
1426549,2024/25,2024-11-04,Melbourne Cricket Ground,2,1.6,Australia,Pakistan,J Fraser-McGurk,MW Short,Naseem Shah,0,4,,,,4,,,,,
1426549,2024/25,2024-11-04,Melbourne Cricket Ground,2,1.7,Australia,Pakistan,J Fraser-McGurk,MW Short,Naseem Shah,1,0,,,,,,,,,
1426549,2024/25,2024-11-04,Melbourne Cricket Ground,2,2.1,Australia,Pakistan,J Fraser-McGurk,MW Short,Shaheen Shah Afridi,1,0,,,,,,,,,
1426549,2024/25,2024-11-04,Melbourne Cricket Ground,2,2.2,Australia,Pakistan,MW Short,J Fraser-McGurk,Shaheen Shah Afridi,0,0,,,,,,caught,MW Short,,
1426549,2024/25,2024-11-04,Melbourne Cricket Ground,2,2.3,Australia,Pakistan,SPD Smith,J Fraser-McGurk,Shaheen Shah Afridi,0,0,,,,,,,,,
1426549,2024/25,2024-11-04,Melbourne Cricket Ground,2,2.4,Australia,Pakistan,SPD Smith,J Fraser-McGurk,Shaheen Shah Afridi,2,0,,,,,,,,,
1426549,2024/25,2024-11-04,Melbourne Cricket Ground,2,2.5,Australia,Pakistan,SPD Smith,J Fraser-McGurk,Shaheen Shah Afridi,0,0,,,,,,,,,
1426549,2024/25,2024-11-04,Melbourne Cricket Ground,2,2.6,Australia,Pakistan,SPD Smith,J Fraser-McGurk,Shaheen Shah Afridi,0,0,,,,,,,,,
1426549,2024/25,2024-11-04,Melbourne Cricket Ground,2,3.1,Australia,Pakistan,J Fraser-McGurk,SPD Smith,Naseem Shah,0,0,,,,,,,,,
1426549,2024/25,2024-11-04,Melbourne Cricket Ground,2,3.2,Australia,Pakistan,J Fraser-McGurk,SPD Smith,Naseem Shah,1,0,,,,,,,,,
1426549,2024/25,2024-11-04,Melbourne Cricket Ground,2,3.3,Australia,Pakistan,SPD Smith,J Fraser-McGurk,Naseem Shah,0,0,,,,,,,,,
1426549,2024/25,2024-11-04,Melbourne Cricket Ground,2,3.4,Australia,Pakistan,SPD Smith,J Fraser-McGurk,Naseem Shah,0,1,1,,,,,,,,
1426549,2024/25,2024-11-04,Melbourne Cricket Ground,2,3.5,Australia,Pakistan,SPD Smith,J Fraser-McGurk,Naseem Shah,3,0,,,,,,,,,
1426549,2024/25,2024-11-04,Melbourne Cricket Ground,2,3.6,Australia,Pakistan,J Fraser-McGurk,SPD Smith,Naseem Shah,2,0,,,,,,,,,
1426549,2024/25,2024-11-04,Melbourne Cricket Ground,2,3.7,Australia,Pakistan,J Fraser-McGurk,SPD Smith,Naseem Shah,0,0,,,,,,caught,J Fraser-McGurk,,
1426549,2024/25,2024-11-04,Melbourne Cricket Ground,2,4.1,Australia,Pakistan,SPD Smith,JP Inglis,Shaheen Shah Afridi,0,0,,,,,,,,,
1426549,2024/25,2024-11-04,Melbourne Cricket Ground,2,4.2,Australia,Pakistan,SPD Smith,JP Inglis,Shaheen Shah Afridi,0,0,,,,,,,,,
1426549,2024/25,2024-11-04,Melbourne Cricket Ground,2,4.3,Australia,Pakistan,SPD Smith,JP Inglis,Shaheen Shah Afridi,2,0,,,,,,,,,
1426549,2024/25,2024-11-04,Melbourne Cricket Ground,2,4.4,Australia,Pakistan,SPD Smith,JP Inglis,Shaheen Shah Afridi,1,0,,,,,,,,,
1426549,2024/25,2024-11-04,Melbourne Cricket Ground,2,4.5,Australia,Pakistan,JP Inglis,SPD Smith,Shaheen Shah Afridi,1,0,,,,,,,,,
1426549,2024/25,2024-11-04,Melbourne Cricket Ground,2,4.6,Australia,Pakistan,SPD Smith,JP Inglis,Shaheen Shah Afridi,4,0,,,,,,,,,
1426549,2024/25,2024-11-04,Melbourne Cricket Ground,2,5.1,Australia,Pakistan,JP Inglis,SPD Smith,Naseem Shah,0,0,,,,,,,,,
1426549,2024/25,2024-11-04,Melbourne Cricket Ground,2,5.2,Australia,Pakistan,JP Inglis,SPD Smith,Naseem Shah,0,0,,,,,,,,,
1426549,2024/25,2024-11-04,Melbourne Cricket Ground,2,5.3,Australia,Pakistan,JP Inglis,SPD Smith,Naseem Shah,0,1,1,,,,,,,,
1426549,2024/25,2024-11-04,Melbourne Cricket Ground,2,5.4,Australia,Pakistan,JP Inglis,SPD Smith,Naseem Shah,0,0,,,,,,,,,
1426549,2024/25,2024-11-04,Melbourne Cricket Ground,2,5.5,Australia,Pakistan,JP Inglis,SPD Smith,Naseem Shah,4,0,,,,,,,,,
1426549,2024/25,2024-11-04,Melbourne Cricket Ground,2,5.6,Australia,Pakistan,JP Inglis,SPD Smith,Naseem Shah,0,0,,,,,,,,,
1426549,2024/25,2024-11-04,Melbourne Cricket Ground,2,5.7,Australia,Pakistan,JP Inglis,SPD Smith,Naseem Shah,1,0,,,,,,,,,
1426549,2024/25,2024-11-04,Melbourne Cricket Ground,2,6.1,Australia,Pakistan,JP Inglis,SPD Smith,Shaheen Shah Afridi,0,0,,,,,,,,,
1426549,2024/25,2024-11-04,Melbourne Cricket Ground,2,6.2,Australia,Pakistan,JP Inglis,SPD Smith,Shaheen Shah Afridi,1,0,,,,,,,,,
1426549,2024/25,2024-11-04,Melbourne Cricket Ground,2,6.3,Australia,Pakistan,SPD Smith,JP Inglis,Shaheen Shah Afridi,0,0,,,,,,,,,
1426549,2024/25,2024-11-04,Melbourne Cricket Ground,2,6.4,Australia,Pakistan,SPD Smith,JP Inglis,Shaheen Shah Afridi,0,0,,,,,,,,,
1426549,2024/25,2024-11-04,Melbourne Cricket Ground,2,6.5,Australia,Pakistan,SPD Smith,JP Inglis,Shaheen Shah Afridi,0,0,,,,,,,,,
1426549,2024/25,2024-11-04,Melbourne Cricket Ground,2,6.6,Australia,Pakistan,SPD Smith,JP Inglis,Shaheen Shah Afridi,2,0,,,,,,,,,
1426549,2024/25,2024-11-04,Melbourne Cricket Ground,2,7.1,Australia,Pakistan,JP Inglis,SPD Smith,Mohammad Hasnain,0,0,,,,,,,,,
1426549,2024/25,2024-11-04,Melbourne Cricket Ground,2,7.2,Australia,Pakistan,JP Inglis,SPD Smith,Mohammad Hasnain,0,0,,,,,,,,,
1426549,2024/25,2024-11-04,Melbourne Cricket Ground,2,7.3,Australia,Pakistan,JP Inglis,SPD Smith,Mohammad Hasnain,1,0,,,,,,,,,
1426549,2024/25,2024-11-04,Melbourne Cricket Ground,2,7.4,Australia,Pakistan,SPD Smith,JP Inglis,Mohammad Hasnain,4,0,,,,,,,,,
1426549,2024/25,2024-11-04,Melbourne Cricket Ground,2,7.5,Australia,Pakistan,SPD Smith,JP Inglis,Mohammad Hasnain,0,0,,,,,,,,,
1426549,2024/25,2024-11-04,Melbourne Cricket Ground,2,7.6,Australia,Pakistan,SPD Smith,JP Inglis,Mohammad Hasnain,4,0,,,,,,,,,
1426549,2024/25,2024-11-04,Melbourne Cricket Ground,2,8.1,Australia,Pakistan,JP Inglis,SPD Smith,Naseem Shah,0,0,,,,,,,,,
1426549,2024/25,2024-11-04,Melbourne Cricket Ground,2,8.2,Australia,Pakistan,JP Inglis,SPD Smith,Naseem Shah,0,0,,,,,,,,,
1426549,2024/25,2024-11-04,Melbourne Cricket Ground,2,8.3,Australia,Pakistan,JP Inglis,SPD Smith,Naseem Shah,1,0,,,,,,,,,
1426549,2024/25,2024-11-04,Melbourne Cricket Ground,2,8.4,Australia,Pakistan,SPD Smith,JP Inglis,Naseem Shah,0,0,,,,,,,,,
1426549,2024/25,2024-11-04,Melbourne Cricket Ground,2,8.5,Australia,Pakistan,SPD Smith,JP Inglis,Naseem Shah,0,0,,,,,,,,,
1426549,2024/25,2024-11-04,Melbourne Cricket Ground,2,8.6,Australia,Pakistan,SPD Smith,JP Inglis,Naseem Shah,4,0,,,,,,,,,
1426549,2024/25,2024-11-04,Melbourne Cricket Ground,2,9.1,Australia,Pakistan,JP Inglis,SPD Smith,Mohammad Hasnain,0,0,,,,,,,,,
1426549,2024/25,2024-11-04,Melbourne Cricket Ground,2,9.2,Australia,Pakistan,JP Inglis,SPD Smith,Mohammad Hasnain,1,0,,,,,,,,,
1426549,2024/25,2024-11-04,Melbourne Cricket Ground,2,9.3,Australia,Pakistan,SPD Smith,JP Inglis,Mohammad Hasnain,0,0,,,,,,,,,
1426549,2024/25,2024-11-04,Melbourne Cricket Ground,2,9.4,Australia,Pakistan,SPD Smith,JP Inglis,Mohammad Hasnain,0,0,,,,,,,,,
1426549,2024/25,2024-11-04,Melbourne Cricket Ground,2,9.5,Australia,Pakistan,SPD Smith,JP Inglis,Mohammad Hasnain,0,0,,,,,,,,,
1426549,2024/25,2024-11-04,Melbourne Cricket Ground,2,9.6,Australia,Pakistan,SPD Smith,JP Inglis,Mohammad Hasnain,1,0,,,,,,,,,
1426549,2024/25,2024-11-04,Melbourne Cricket Ground,2,10.1,Australia,Pakistan,SPD Smith,JP Inglis,Naseem Shah,0,0,,,,,,,,,
1426549,2024/25,2024-11-04,Melbourne Cricket Ground,2,10.2,Australia,Pakistan,SPD Smith,JP Inglis,Naseem Shah,1,0,,,,,,,,,
1426549,2024/25,2024-11-04,Melbourne Cricket Ground,2,10.3,Australia,Pakistan,JP Inglis,SPD Smith,Naseem Shah,0,0,,,,,,,,,
1426549,2024/25,2024-11-04,Melbourne Cricket Ground,2,10.4,Australia,Pakistan,JP Inglis,SPD Smith,Naseem Shah,0,0,,,,,,,,,
1426549,2024/25,2024-11-04,Melbourne Cricket Ground,2,10.5,Australia,Pakistan,JP Inglis,SPD Smith,Naseem Shah,6,0,,,,,,,,,
1426549,2024/25,2024-11-04,Melbourne Cricket Ground,2,10.6,Australia,Pakistan,JP Inglis,SPD Smith,Naseem Shah,0,0,,,,,,,,,
1426549,2024/25,2024-11-04,Melbourne Cricket Ground,2,11.1,Australia,Pakistan,SPD Smith,JP Inglis,Mohammad Hasnain,1,0,,,,,,,,,
1426549,2024/25,2024-11-04,Melbourne Cricket Ground,2,11.2,Australia,Pakistan,JP Inglis,SPD Smith,Mohammad Hasnain,1,0,,,,,,,,,
1426549,2024/25,2024-11-04,Melbourne Cricket Ground,2,11.3,Australia,Pakistan,SPD Smith,JP Inglis,Mohammad Hasnain,0,0,,,,,,,,,
1426549,2024/25,2024-11-04,Melbourne Cricket Ground,2,11.4,Australia,Pakistan,SPD Smith,JP Inglis,Mohammad Hasnain,0,0,,,,,,,,,
1426549,2024/25,2024-11-04,Melbourne Cricket Ground,2,11.5,Australia,Pakistan,SPD Smith,JP Inglis,Mohammad Hasnain,2,0,,,,,,,,,
1426549,2024/25,2024-11-04,Melbourne Cricket Ground,2,11.6,Australia,Pakistan,SPD Smith,JP Inglis,Mohammad Hasnain,0,0,,,,,,,,,
1426549,2024/25,2024-11-04,Melbourne Cricket Ground,2,12.1,Australia,Pakistan,JP Inglis,SPD Smith,Haris Rauf,1,0,,,,,,,,,
1426549,2024/25,2024-11-04,Melbourne Cricket Ground,2,12.2,Australia,Pakistan,SPD Smith,JP Inglis,Haris Rauf,0,0,,,,,,,,,
1426549,2024/25,2024-11-04,Melbourne Cricket Ground,2,12.3,Australia,Pakistan,SPD Smith,JP Inglis,Haris Rauf,0,0,,,,,,,,,
1426549,2024/25,2024-11-04,Melbourne Cricket Ground,2,12.4,Australia,Pakistan,SPD Smith,JP Inglis,Haris Rauf,0,0,,,,,,,,,
1426549,2024/25,2024-11-04,Melbourne Cricket Ground,2,12.5,Australia,Pakistan,SPD Smith,JP Inglis,Haris Rauf,1,0,,,,,,,,,
1426549,2024/25,2024-11-04,Melbourne Cricket Ground,2,12.6,Australia,Pakistan,JP Inglis,SPD Smith,Haris Rauf,4,0,,,,,,,,,
1426549,2024/25,2024-11-04,Melbourne Cricket Ground,2,13.1,Australia,Pakistan,SPD Smith,JP Inglis,Mohammad Hasnain,0,0,,,,,,,,,
1426549,2024/25,2024-11-04,Melbourne Cricket Ground,2,13.2,Australia,Pakistan,SPD Smith,JP Inglis,Mohammad Hasnain,4,0,,,,,,,,,
1426549,2024/25,2024-11-04,Melbourne Cricket Ground,2,13.3,Australia,Pakistan,SPD Smith,JP Inglis,Mohammad Hasnain,1,0,,,,,,,,,
1426549,2024/25,2024-11-04,Melbourne Cricket Ground,2,13.4,Australia,Pakistan,JP Inglis,SPD Smith,Mohammad Hasnain,0,0,,,,,,,,,
1426549,2024/25,2024-11-04,Melbourne Cricket Ground,2,13.5,Australia,Pakistan,JP Inglis,SPD Smith,Mohammad Hasnain,6,0,,,,,,,,,
1426549,2024/25,2024-11-04,Melbourne Cricket Ground,2,13.6,Australia,Pakistan,JP Inglis,SPD Smith,Mohammad Hasnain,4,0,,,,,,,,,
1426549,2024/25,2024-11-04,Melbourne Cricket Ground,2,14.1,Australia,Pakistan,SPD Smith,JP Inglis,Haris Rauf,1,0,,,,,,,,,
1426549,2024/25,2024-11-04,Melbourne Cricket Ground,2,14.2,Australia,Pakistan,JP Inglis,SPD Smith,Haris Rauf,4,0,,,,,,,,,
1426549,2024/25,2024-11-04,Melbourne Cricket Ground,2,14.3,Australia,Pakistan,JP Inglis,SPD Smith,Haris Rauf,0,5,5,,,,,,,,
1426549,2024/25,2024-11-04,Melbourne Cricket Ground,2,14.4,Australia,Pakistan,JP Inglis,SPD Smith,Haris Rauf,0,0,,,,,,,,,
1426549,2024/25,2024-11-04,Melbourne Cricket Ground,2,14.5,Australia,Pakistan,JP Inglis,SPD Smith,Haris Rauf,0,0,,,,,,,,,
1426549,2024/25,2024-11-04,Melbourne Cricket Ground,2,14.6,Australia,Pakistan,JP Inglis,SPD Smith,Haris Rauf,1,0,,,,,,,,,
1426549,2024/25,2024-11-04,Melbourne Cricket Ground,2,14.7,Australia,Pakistan,SPD Smith,JP Inglis,Haris Rauf,1,0,,,,,,,,,
1426549,2024/25,2024-11-04,Melbourne Cricket Ground,2,15.1,Australia,Pakistan,SPD Smith,JP Inglis,Shaheen Shah Afridi,0,0,,,,,,,,,
1426549,2024/25,2024-11-04,Melbourne Cricket Ground,2,15.2,Australia,Pakistan,SPD Smith,JP Inglis,Shaheen Shah Afridi,1,0,,,,,,,,,
1426549,2024/25,2024-11-04,Melbourne Cricket Ground,2,15.3,Australia,Pakistan,JP Inglis,SPD Smith,Shaheen Shah Afridi,0,0,,,,,,,,,
1426549,2024/25,2024-11-04,Melbourne Cricket Ground,2,15.4,Australia,Pakistan,JP Inglis,SPD Smith,Shaheen Shah Afridi,0,0,,,,,,,,,
1426549,2024/25,2024-11-04,Melbourne Cricket Ground,2,15.5,Australia,Pakistan,JP Inglis,SPD Smith,Shaheen Shah Afridi,1,0,,,,,,,,,
1426549,2024/25,2024-11-04,Melbourne Cricket Ground,2,15.6,Australia,Pakistan,SPD Smith,JP Inglis,Shaheen Shah Afridi,0,0,,,,,,,,,
1426549,2024/25,2024-11-04,Melbourne Cricket Ground,2,16.1,Australia,Pakistan,JP Inglis,SPD Smith,Haris Rauf,1,0,,,,,,,,,
1426549,2024/25,2024-11-04,Melbourne Cricket Ground,2,16.2,Australia,Pakistan,SPD Smith,JP Inglis,Haris Rauf,4,0,,,,,,,,,
1426549,2024/25,2024-11-04,Melbourne Cricket Ground,2,16.3,Australia,Pakistan,SPD Smith,JP Inglis,Haris Rauf,0,1,1,,,,,,,,
1426549,2024/25,2024-11-04,Melbourne Cricket Ground,2,16.4,Australia,Pakistan,SPD Smith,JP Inglis,Haris Rauf,0,0,,,,,,caught,SPD Smith,,
1426549,2024/25,2024-11-04,Melbourne Cricket Ground,2,16.5,Australia,Pakistan,M Labuschagne,JP Inglis,Haris Rauf,0,0,,,,,,,,,
1426549,2024/25,2024-11-04,Melbourne Cricket Ground,2,16.6,Australia,Pakistan,M Labuschagne,JP Inglis,Haris Rauf,4,0,,,,,,,,,
1426549,2024/25,2024-11-04,Melbourne Cricket Ground,2,16.7,Australia,Pakistan,M Labuschagne,JP Inglis,Haris Rauf,0,0,,,,,,,,,
1426549,2024/25,2024-11-04,Melbourne Cricket Ground,2,17.1,Australia,Pakistan,JP Inglis,M Labuschagne,Shaheen Shah Afridi,0,0,,,,,,,,,
1426549,2024/25,2024-11-04,Melbourne Cricket Ground,2,17.2,Australia,Pakistan,JP Inglis,M Labuschagne,Shaheen Shah Afridi,1,0,,,,,,,,,
1426549,2024/25,2024-11-04,Melbourne Cricket Ground,2,17.3,Australia,Pakistan,M Labuschagne,JP Inglis,Shaheen Shah Afridi,0,0,,,,,,,,,
1426549,2024/25,2024-11-04,Melbourne Cricket Ground,2,17.4,Australia,Pakistan,M Labuschagne,JP Inglis,Shaheen Shah Afridi,0,0,,,,,,,,,
1426549,2024/25,2024-11-04,Melbourne Cricket Ground,2,17.5,Australia,Pakistan,M Labuschagne,JP Inglis,Shaheen Shah Afridi,4,0,,,,,,,,,
1426549,2024/25,2024-11-04,Melbourne Cricket Ground,2,17.6,Australia,Pakistan,M Labuschagne,JP Inglis,Shaheen Shah Afridi,1,0,,,,,,,,,
1426549,2024/25,2024-11-04,Melbourne Cricket Ground,2,18.1,Australia,Pakistan,M Labuschagne,JP Inglis,Haris Rauf,0,0,,,,,,,,,
1426549,2024/25,2024-11-04,Melbourne Cricket Ground,2,18.2,Australia,Pakistan,M Labuschagne,JP Inglis,Haris Rauf,1,0,,,,,,,,,
1426549,2024/25,2024-11-04,Melbourne Cricket Ground,2,18.3,Australia,Pakistan,JP Inglis,M Labuschagne,Haris Rauf,1,0,,,,,,,,,
1426549,2024/25,2024-11-04,Melbourne Cricket Ground,2,18.4,Australia,Pakistan,M Labuschagne,JP Inglis,Haris Rauf,2,0,,,,,,,,,
1426549,2024/25,2024-11-04,Melbourne Cricket Ground,2,18.5,Australia,Pakistan,M Labuschagne,JP Inglis,Haris Rauf,3,0,,,,,,,,,
1426549,2024/25,2024-11-04,Melbourne Cricket Ground,2,18.6,Australia,Pakistan,JP Inglis,M Labuschagne,Haris Rauf,0,0,,,,,,,,,
1426549,2024/25,2024-11-04,Melbourne Cricket Ground,2,19.1,Australia,Pakistan,M Labuschagne,JP Inglis,Shaheen Shah Afridi,1,0,,,,,,,,,
1426549,2024/25,2024-11-04,Melbourne Cricket Ground,2,19.2,Australia,Pakistan,JP Inglis,M Labuschagne,Shaheen Shah Afridi,2,0,,,,,,,,,
1426549,2024/25,2024-11-04,Melbourne Cricket Ground,2,19.3,Australia,Pakistan,JP Inglis,M Labuschagne,Shaheen Shah Afridi,6,0,,,,,,,,,
1426549,2024/25,2024-11-04,Melbourne Cricket Ground,2,19.4,Australia,Pakistan,JP Inglis,M Labuschagne,Shaheen Shah Afridi,0,0,,,,,,caught,JP Inglis,,
1426549,2024/25,2024-11-04,Melbourne Cricket Ground,2,19.5,Australia,Pakistan,AM Hardie,M Labuschagne,Shaheen Shah Afridi,0,0,,,,,,,,,
1426549,2024/25,2024-11-04,Melbourne Cricket Ground,2,19.6,Australia,Pakistan,AM Hardie,M Labuschagne,Shaheen Shah Afridi,0,0,,,,,,,,,
1426549,2024/25,2024-11-04,Melbourne Cricket Ground,2,20.1,Australia,Pakistan,M Labuschagne,AM Hardie,Haris Rauf,0,0,,,,,,caught,M Labuschagne,,
1426549,2024/25,2024-11-04,Melbourne Cricket Ground,2,20.2,Australia,Pakistan,GJ Maxwell,AM Hardie,Haris Rauf,0,0,,,,,,caught,GJ Maxwell,,
1426549,2024/25,2024-11-04,Melbourne Cricket Ground,2,20.3,Australia,Pakistan,SA Abbott,AM Hardie,Haris Rauf,1,0,,,,,,,,,
1426549,2024/25,2024-11-04,Melbourne Cricket Ground,2,20.4,Australia,Pakistan,AM Hardie,SA Abbott,Haris Rauf,1,0,,,,,,,,,
1426549,2024/25,2024-11-04,Melbourne Cricket Ground,2,20.5,Australia,Pakistan,SA Abbott,AM Hardie,Haris Rauf,0,2,2,,,,,,,,
1426549,2024/25,2024-11-04,Melbourne Cricket Ground,2,20.6,Australia,Pakistan,AM Hardie,SA Abbott,Haris Rauf,0,0,,,,,,,,,
1426549,2024/25,2024-11-04,Melbourne Cricket Ground,2,20.7,Australia,Pakistan,AM Hardie,SA Abbott,Haris Rauf,4,0,,,,,,,,,
1426549,2024/25,2024-11-04,Melbourne Cricket Ground,2,21.1,Australia,Pakistan,SA Abbott,AM Hardie,Shaheen Shah Afridi,1,0,,,,,,,,,
1426549,2024/25,2024-11-04,Melbourne Cricket Ground,2,21.2,Australia,Pakistan,AM Hardie,SA Abbott,Shaheen Shah Afridi,0,0,,,,,,,,,
1426549,2024/25,2024-11-04,Melbourne Cricket Ground,2,21.3,Australia,Pakistan,AM Hardie,SA Abbott,Shaheen Shah Afridi,0,0,,,,,,,,,
1426549,2024/25,2024-11-04,Melbourne Cricket Ground,2,21.4,Australia,Pakistan,AM Hardie,SA Abbott,Shaheen Shah Afridi,0,0,,,,,,,,,
1426549,2024/25,2024-11-04,Melbourne Cricket Ground,2,21.5,Australia,Pakistan,AM Hardie,SA Abbott,Shaheen Shah Afridi,0,0,,,,,,,,,
1426549,2024/25,2024-11-04,Melbourne Cricket Ground,2,21.6,Australia,Pakistan,AM Hardie,SA Abbott,Shaheen Shah Afridi,0,0,,,,,,,,,
1426549,2024/25,2024-11-04,Melbourne Cricket Ground,2,22.1,Australia,Pakistan,SA Abbott,AM Hardie,Haris Rauf,0,0,,,,,,,,,
1426549,2024/25,2024-11-04,Melbourne Cricket Ground,2,22.2,Australia,Pakistan,SA Abbott,AM Hardie,Haris Rauf,1,0,,,,,,,,,
1426549,2024/25,2024-11-04,Melbourne Cricket Ground,2,22.3,Australia,Pakistan,AM Hardie,SA Abbott,Haris Rauf,1,0,,,,,,,,,
1426549,2024/25,2024-11-04,Melbourne Cricket Ground,2,22.4,Australia,Pakistan,SA Abbott,AM Hardie,Haris Rauf,0,1,1,,,,,,,,
1426549,2024/25,2024-11-04,Melbourne Cricket Ground,2,22.5,Australia,Pakistan,SA Abbott,AM Hardie,Haris Rauf,0,0,,,,,,,,,
1426549,2024/25,2024-11-04,Melbourne Cricket Ground,2,22.6,Australia,Pakistan,SA Abbott,AM Hardie,Haris Rauf,0,0,,,,,,,,,
1426549,2024/25,2024-11-04,Melbourne Cricket Ground,2,22.7,Australia,Pakistan,SA Abbott,AM Hardie,Haris Rauf,0,0,,,,,,,,,
1426549,2024/25,2024-11-04,Melbourne Cricket Ground,2,23.1,Australia,Pakistan,AM Hardie,SA Abbott,Mohammad Hasnain,0,0,,,,,,,,,
1426549,2024/25,2024-11-04,Melbourne Cricket Ground,2,23.2,Australia,Pakistan,AM Hardie,SA Abbott,Mohammad Hasnain,2,0,,,,,,,,,
1426549,2024/25,2024-11-04,Melbourne Cricket Ground,2,23.3,Australia,Pakistan,AM Hardie,SA Abbott,Mohammad Hasnain,0,0,,,,,,,,,
1426549,2024/25,2024-11-04,Melbourne Cricket Ground,2,23.4,Australia,Pakistan,AM Hardie,SA Abbott,Mohammad Hasnain,0,0,,,,,,,,,
1426549,2024/25,2024-11-04,Melbourne Cricket Ground,2,23.5,Australia,Pakistan,AM Hardie,SA Abbott,Mohammad Hasnain,0,0,,,,,,,,,
1426549,2024/25,2024-11-04,Melbourne Cricket Ground,2,23.6,Australia,Pakistan,AM Hardie,SA Abbott,Mohammad Hasnain,1,0,,,,,,,,,
1426549,2024/25,2024-11-04,Melbourne Cricket Ground,2,24.1,Australia,Pakistan,AM Hardie,SA Abbott,Naseem Shah,1,0,,,,,,,,,
1426549,2024/25,2024-11-04,Melbourne Cricket Ground,2,24.2,Australia,Pakistan,SA Abbott,AM Hardie,Naseem Shah,0,0,,,,,,,,,
1426549,2024/25,2024-11-04,Melbourne Cricket Ground,2,24.3,Australia,Pakistan,SA Abbott,AM Hardie,Naseem Shah,0,0,,,,,,,,,
1426549,2024/25,2024-11-04,Melbourne Cricket Ground,2,24.4,Australia,Pakistan,SA Abbott,AM Hardie,Naseem Shah,0,0,,,,,,,,,
1426549,2024/25,2024-11-04,Melbourne Cricket Ground,2,24.5,Australia,Pakistan,SA Abbott,AM Hardie,Naseem Shah,0,0,,,,,,,,,
1426549,2024/25,2024-11-04,Melbourne Cricket Ground,2,24.6,Australia,Pakistan,SA Abbott,AM Hardie,Naseem Shah,0,0,,,,,,,,,
1426549,2024/25,2024-11-04,Melbourne Cricket Ground,2,25.1,Australia,Pakistan,AM Hardie,SA Abbott,Mohammad Hasnain,0,0,,,,,,bowled,AM Hardie,,
1426549,2024/25,2024-11-04,Melbourne Cricket Ground,2,25.2,Australia,Pakistan,PJ Cummins,SA Abbott,Mohammad Hasnain,4,0,,,,,,,,,
1426549,2024/25,2024-11-04,Melbourne Cricket Ground,2,25.3,Australia,Pakistan,PJ Cummins,SA Abbott,Mohammad Hasnain,2,0,,,,,,,,,
1426549,2024/25,2024-11-04,Melbourne Cricket Ground,2,25.4,Australia,Pakistan,PJ Cummins,SA Abbott,Mohammad Hasnain,0,1,1,,,,,,,,
1426549,2024/25,2024-11-04,Melbourne Cricket Ground,2,25.5,Australia,Pakistan,PJ Cummins,SA Abbott,Mohammad Hasnain,0,1,1,,,,,,,,
1426549,2024/25,2024-11-04,Melbourne Cricket Ground,2,25.6,Australia,Pakistan,PJ Cummins,SA Abbott,Mohammad Hasnain,0,0,,,,,,,,,
1426549,2024/25,2024-11-04,Melbourne Cricket Ground,2,25.7,Australia,Pakistan,PJ Cummins,SA Abbott,Mohammad Hasnain,2,0,,,,,,,,,
1426549,2024/25,2024-11-04,Melbourne Cricket Ground,2,25.8,Australia,Pakistan,PJ Cummins,SA Abbott,Mohammad Hasnain,2,0,,,,,,,,,
1426549,2024/25,2024-11-04,Melbourne Cricket Ground,2,26.1,Australia,Pakistan,SA Abbott,PJ Cummins,Naseem Shah,0,1,1,,,,,,,,
1426549,2024/25,2024-11-04,Melbourne Cricket Ground,2,26.2,Australia,Pakistan,SA Abbott,PJ Cummins,Naseem Shah,1,0,,,,,,,,,
1426549,2024/25,2024-11-04,Melbourne Cricket Ground,2,26.3,Australia,Pakistan,PJ Cummins,SA Abbott,Naseem Shah,0,1,1,,,,,,,,
1426549,2024/25,2024-11-04,Melbourne Cricket Ground,2,26.4,Australia,Pakistan,PJ Cummins,SA Abbott,Naseem Shah,0,0,,,,,,,,,
1426549,2024/25,2024-11-04,Melbourne Cricket Ground,2,26.5,Australia,Pakistan,PJ Cummins,SA Abbott,Naseem Shah,0,0,,,,,,,,,
1426549,2024/25,2024-11-04,Melbourne Cricket Ground,2,26.6,Australia,Pakistan,PJ Cummins,SA Abbott,Naseem Shah,0,0,,,,,,,,,
1426549,2024/25,2024-11-04,Melbourne Cricket Ground,2,26.7,Australia,Pakistan,PJ Cummins,SA Abbott,Naseem Shah,0,0,,,,,,,,,
1426549,2024/25,2024-11-04,Melbourne Cricket Ground,2,26.8,Australia,Pakistan,PJ Cummins,SA Abbott,Naseem Shah,0,0,,,,,,,,,
1426549,2024/25,2024-11-04,Melbourne Cricket Ground,2,27.1,Australia,Pakistan,SA Abbott,PJ Cummins,Shaheen Shah Afridi,1,0,,,,,,,,,
1426549,2024/25,2024-11-04,Melbourne Cricket Ground,2,27.2,Australia,Pakistan,PJ Cummins,SA Abbott,Shaheen Shah Afridi,0,0,,,,,,,,,
1426549,2024/25,2024-11-04,Melbourne Cricket Ground,2,27.3,Australia,Pakistan,PJ Cummins,SA Abbott,Shaheen Shah Afridi,0,0,,,,,,,,,
1426549,2024/25,2024-11-04,Melbourne Cricket Ground,2,27.4,Australia,Pakistan,PJ Cummins,SA Abbott,Shaheen Shah Afridi,0,0,,,,,,,,,
1426549,2024/25,2024-11-04,Melbourne Cricket Ground,2,27.5,Australia,Pakistan,PJ Cummins,SA Abbott,Shaheen Shah Afridi,1,0,,,,,,,,,
1426549,2024/25,2024-11-04,Melbourne Cricket Ground,2,27.6,Australia,Pakistan,SA Abbott,PJ Cummins,Shaheen Shah Afridi,1,0,,,,,,,,,
1426549,2024/25,2024-11-04,Melbourne Cricket Ground,2,28.1,Australia,Pakistan,SA Abbott,PJ Cummins,Haris Rauf,1,0,,,,,,,,,
1426549,2024/25,2024-11-04,Melbourne Cricket Ground,2,28.2,Australia,Pakistan,PJ Cummins,SA Abbott,Haris Rauf,0,0,,,,,,,,,
1426549,2024/25,2024-11-04,Melbourne Cricket Ground,2,28.3,Australia,Pakistan,PJ Cummins,SA Abbott,Haris Rauf,1,0,,,,,,,,,
1426549,2024/25,2024-11-04,Melbourne Cricket Ground,2,28.4,Australia,Pakistan,SA Abbott,PJ Cummins,Haris Rauf,0,0,,,,,,,,,
1426549,2024/25,2024-11-04,Melbourne Cricket Ground,2,28.5,Australia,Pakistan,SA Abbott,PJ Cummins,Haris Rauf,2,0,,,,,,,,,
1426549,2024/25,2024-11-04,Melbourne Cricket Ground,2,28.6,Australia,Pakistan,SA Abbott,PJ Cummins,Haris Rauf,4,0,,,,,,,,,
1426549,2024/25,2024-11-04,Melbourne Cricket Ground,2,29.1,Australia,Pakistan,PJ Cummins,SA Abbott,Shaheen Shah Afridi,2,0,,,,,,,,,
1426549,2024/25,2024-11-04,Melbourne Cricket Ground,2,29.2,Australia,Pakistan,PJ Cummins,SA Abbott,Shaheen Shah Afridi,0,0,,,,,,,,,
1426549,2024/25,2024-11-04,Melbourne Cricket Ground,2,29.3,Australia,Pakistan,PJ Cummins,SA Abbott,Shaheen Shah Afridi,0,0,,,,,,,,,
1426549,2024/25,2024-11-04,Melbourne Cricket Ground,2,29.4,Australia,Pakistan,PJ Cummins,SA Abbott,Shaheen Shah Afridi,2,0,,,,,,run out,SA Abbott,,
1426549,2024/25,2024-11-04,Melbourne Cricket Ground,2,29.5,Australia,Pakistan,MA Starc,PJ Cummins,Shaheen Shah Afridi,0,0,,,,,,,,,
1426549,2024/25,2024-11-04,Melbourne Cricket Ground,2,29.6,Australia,Pakistan,MA Starc,PJ Cummins,Shaheen Shah Afridi,0,0,,,,,,,,,
1426549,2024/25,2024-11-04,Melbourne Cricket Ground,2,30.1,Australia,Pakistan,PJ Cummins,MA Starc,Haris Rauf,0,0,,,,,,,,,
1426549,2024/25,2024-11-04,Melbourne Cricket Ground,2,30.2,Australia,Pakistan,PJ Cummins,MA Starc,Haris Rauf,4,0,,,,,,,,,
1426549,2024/25,2024-11-04,Melbourne Cricket Ground,2,30.3,Australia,Pakistan,PJ Cummins,MA Starc,Haris Rauf,0,1,1,,,,,,,,
1426549,2024/25,2024-11-04,Melbourne Cricket Ground,2,30.4,Australia,Pakistan,PJ Cummins,MA Starc,Haris Rauf,2,0,,,,,,,,,
1426549,2024/25,2024-11-04,Melbourne Cricket Ground,2,30.5,Australia,Pakistan,PJ Cummins,MA Starc,Haris Rauf,0,0,,,,,,,,,
1426549,2024/25,2024-11-04,Melbourne Cricket Ground,2,30.6,Australia,Pakistan,PJ Cummins,MA Starc,Haris Rauf,0,0,,,,,,,,,
1426549,2024/25,2024-11-04,Melbourne Cricket Ground,2,30.7,Australia,Pakistan,PJ Cummins,MA Starc,Haris Rauf,4,0,,,,,,,,,
1426549,2024/25,2024-11-04,Melbourne Cricket Ground,2,31.1,Australia,Pakistan,MA Starc,PJ Cummins,Naseem Shah,0,0,,,,,,,,,
1426549,2024/25,2024-11-04,Melbourne Cricket Ground,2,31.2,Australia,Pakistan,MA Starc,PJ Cummins,Naseem Shah,0,0,,,,,,,,,
1426549,2024/25,2024-11-04,Melbourne Cricket Ground,2,31.3,Australia,Pakistan,MA Starc,PJ Cummins,Mohammad Hasnain,0,0,,,,,,,,,
1426549,2024/25,2024-11-04,Melbourne Cricket Ground,2,31.4,Australia,Pakistan,MA Starc,PJ Cummins,Mohammad Hasnain,0,0,,,,,,,,,
1426549,2024/25,2024-11-04,Melbourne Cricket Ground,2,31.5,Australia,Pakistan,MA Starc,PJ Cummins,Mohammad Hasnain,0,0,,,,,,,,,
1426549,2024/25,2024-11-04,Melbourne Cricket Ground,2,31.6,Australia,Pakistan,MA Starc,PJ Cummins,Mohammad Hasnain,1,0,,,,,,,,,
1426549,2024/25,2024-11-04,Melbourne Cricket Ground,2,32.1,Australia,Pakistan,MA Starc,PJ Cummins,Haris Rauf,0,0,,,,,,,,,
1426549,2024/25,2024-11-04,Melbourne Cricket Ground,2,32.2,Australia,Pakistan,MA Starc,PJ Cummins,Haris Rauf,0,0,,,,,,,,,
1426549,2024/25,2024-11-04,Melbourne Cricket Ground,2,32.3,Australia,Pakistan,MA Starc,PJ Cummins,Haris Rauf,1,0,,,,,,,,,
1426549,2024/25,2024-11-04,Melbourne Cricket Ground,2,32.4,Australia,Pakistan,PJ Cummins,MA Starc,Haris Rauf,0,0,,,,,,,,,
1426549,2024/25,2024-11-04,Melbourne Cricket Ground,2,32.5,Australia,Pakistan,PJ Cummins,MA Starc,Haris Rauf,1,0,,,,,,,,,
1426549,2024/25,2024-11-04,Melbourne Cricket Ground,2,32.6,Australia,Pakistan,MA Starc,PJ Cummins,Haris Rauf,0,0,,,,,,,,,
1426549,2024/25,2024-11-04,Melbourne Cricket Ground,2,33.1,Australia,Pakistan,PJ Cummins,MA Starc,Mohammad Hasnain,4,0,,,,,,,,,
1426549,2024/25,2024-11-04,Melbourne Cricket Ground,2,33.2,Australia,Pakistan,PJ Cummins,MA Starc,Mohammad Hasnain,0,0,,,,,,,,,
1426549,2024/25,2024-11-04,Melbourne Cricket Ground,2,33.3,Australia,Pakistan,PJ Cummins,MA Starc,Mohammad Hasnain,1,0,,,,,,,,,
